{"cameraMode":{"drawMode":0,"name":"Shaded","section":"Shading Mode"},"sceneLighting":true,"audioPlay":false,"sceneViewState":{"showFog":true,"showMaterialUpdate":false,"showSkybox":true,"showFlares":true,"showImageEffects":true,"showParticleSystems":true},"in2DMode":false,"pivot":{"x":310.4378967285156,"y":970.70263671875,"z":-42.4686279296875},"rotation":{"x":0.00299767404794693,"y":-0.03899003565311432,"z":0.00011655045818770304,"w":0.9992369413375855},"size":2238.48291015625,"orthographic":false}